array_read_amplification,array_reads,buffer_hits,channel_requests,config_sha256,cycles,depth,diagnostic_sha256,entries,ingress_span,mshr,mshr_hits,name,page_service_amplification,page_services,pages,placement,programs,raw_log_sha256,read_controller_mean,read_controller_p50,read_controller_p95,read_controller_p99,read_count,read_program_request_ticks,read_queue_request_ticks,read_total_mean,read_total_p50,read_total_p95,read_total_p99,read_upstream_mean,read_upstream_p50,read_upstream_p95,read_upstream_p99,requested_read_bytes,run_rc,simulator_sha256,source_bundle,stride,suite,tr,trace_sha256,trace_valid,workload_sha256,write_bytes,write_controller_mean,write_controller_p50,write_controller_p95,write_controller_p99,write_count,write_total_mean,write_total_p50,write_total_p95,write_total_p99,write_upstream_mean,write_upstream_p50,write_upstream_p95,write_upstream_p99
32.0,64,0,"[64, 64, 64, 64]",2952c1c71090bf0b4e80a818c9413c335fc904b9a6fdfa8ff89d61e228d9f56d,141500,4096,057d058755d64a80d8036dc8aaac1f095de06eda4a1818504c5c34496d30b2ce,1,47,1,192,hotspot_p64_e1_s1_interleave,32.0,64,64,interleave,0,06cdad63ed4ea1b0fdadffa0a296d41af6ef3c3f9c6fcff5444196423c439d40,76391.1875,67911,135806,135809,256,0,11420392,76573.6875,68086,136000,136001,182.5,183,197,201,8192,0,f4d6cc8831f2f2efecc4f5bf1d2832ae80749e4fe39ce38d812fe23fbaaa6083,experiments/20_placement_hotspots/results/20260910,1,read,12750,a6e8cc95b6cccddc1768372132a8736a6b4e48b2c3dc80a66d669f813bd4b89a,1,a8d0491982ce9dd82549cf6574da69466f59f4220201993e9d95f807f4504f9d,0,0,0,0,0,0,0,0,0,0,0,0,0,0
32.0,64,0,"[64, 64, 64, 64]",2e18d92907e4d601d7b8cc2fe234fd462a301b35c3860389fbe997b65df757a1,141530,4096,55899714643286f36cec87431d478400de005bfc27aa7c87a7df5c50b028660f,1,47,1,192,hotspot_p64_e1_s1_modulo,32.0,64,64,modulo,0,55712b0d4048d30ff3d0896a5e0e5f21c4a56d2ebea4dd468300df982b829ec1,76406.75,67922,135837,135840,256,0,11423432,76589.25,68113,136024,136033,182.5,183,197,201,8192,0,f4d6cc8831f2f2efecc4f5bf1d2832ae80749e4fe39ce38d812fe23fbaaa6083,experiments/20_placement_hotspots/results/20260910,1,read,12750,17c578987160f73780fb2c78478b20c78e27912eb1a9a026fcc45c325edec1a3,1,a8d0491982ce9dd82549cf6574da69466f59f4220201993e9d95f807f4504f9d,0,0,0,0,0,0,0,0,0,0,0,0,0,0
32.0,64,0,"[64, 64, 64, 64]",41abfdc04e0fbb84ac940d99e2ec9675bcdb6fc407ddca6e3b10096c5176e064,141530,4096,55899714643286f36cec87431d478400de005bfc27aa7c87a7df5c50b028660f,1,47,1,192,hotspot_p64_e1_s1_stripe,32.0,64,64,stripe,0,fd8ec0c84e36fc45fd8c6830e44a6c4c7b115a1dc3a2931b45b0f236ab32dd0e,76406.75,67922,135837,135840,256,0,11423432,76589.25,68113,136024,136033,182.5,183,197,201,8192,0,f4d6cc8831f2f2efecc4f5bf1d2832ae80749e4fe39ce38d812fe23fbaaa6083,experiments/20_placement_hotspots/results/20260910,1,read,12750,17c578987160f73780fb2c78478b20c78e27912eb1a9a026fcc45c325edec1a3,1,a8d0491982ce9dd82549cf6574da69466f59f4220201993e9d95f807f4504f9d,0,0,0,0,0,0,0,0,0,0,0,0,0,0
32.0,64,0,"[256, 0, 0, 0]",2b57f20935c91abcefdaecb13e2f83fd7f108e03c6acbd62cac65f99b13f2152,141530,4096,8108a32dcbca5f7eec9449e8b55f05f5cf632a9a5c2a2001759d1c1813eeca68,1,43,1,192,hotspot_p64_e1_s4_interleave,32.0,64,64,interleave,0,7182a13298aabe65d3dced10f86f62cf8009082debeb8ece08b81283f6b911cd,76407.625,67922,135838,135842,256,0,11423602,76588.875,68113,136023,136033,181.25,181,196,197,8192,0,f4d6cc8831f2f2efecc4f5bf1d2832ae80749e4fe39ce38d812fe23fbaaa6083,experiments/20_placement_hotspots/results/20260910,4,read,12750,ff42c882987a2672d1ac1c83c1f57b69ed51bbb39c78d92938549b20acc8d37e,1,a8d0491982ce9dd82549cf6574da69466f59f4220201993e9d95f807f4504f9d,0,0,0,0,0,0,0,0,0,0,0,0,0,0
32.0,64,0,"[256, 0, 0, 0]",72913a46bdd84acef3acf7f0144dc2a2ccb6c4d5f91b5a6c4ba35d9c46e7ef0e,549017,4096,227f5ff250ba9d1b39e90255f43c5d99877bc3f6af16fc20057b95759eb8a88b,1,43,1,192,hotspot_p64_e1_s4_modulo,32.0,64,64,modulo,0,fbd532246b0fa844b74ffefecc3c32b5a95a3d493cf732fd1b6903146951000a,280151.75,271675,526342,543327,256,0,50588449,280333.0,271848,526536,543521,181.25,181,196,197,8192,0,f4d6cc8831f2f2efecc4f5bf1d2832ae80749e4fe39ce38d812fe23fbaaa6083,experiments/20_placement_hotspots/results/20260910,4,read,12750,9b837bb3c7bc4ba43e0e4e46cbfcd4ccdda97954f0dd3569c08e4205f9b57ffb,1,a8d0491982ce9dd82549cf6574da69466f59f4220201993e9d95f807f4504f9d,0,0,0,0,0,0,0,0,0,0,0,0,0,0
32.0,64,0,"[64, 64, 64, 64]",36834873008a69af6eb610cf6e1293347a33076aca7b21dae7c517a2d012d372,277353,4096,ef8b1eb2f6c018cd626417c780ba861020fdf91e72f1dd9a675d11116143918a,1,43,1,192,hotspot_p64_e1_s4_stripe,32.0,64,64,stripe,0,cd273fdde252261bb790882e3755b988aa43b153e1d86694087a8cb91f2c3142,144318.25,135842,271650,271668,256,0,24477745,144499.5,136023,271838,271856,181.25,181,196,197,8192,0,f4d6cc8831f2f2efecc4f5bf1d2832ae80749e4fe39ce38d812fe23fbaaa6083,experiments/20_placement_hotspots/results/20260910,4,read,12750,5cb856f48e5c1cde8129597e8b80abd4210e501d91c12a1d96ae7fca1aa1de10,1,a8d0491982ce9dd82549cf6574da69466f59f4220201993e9d95f807f4504f9d,0,0,0,0,0,0,0,0,0,0,0,0,0,0
32.0,64,0,"[256, 0, 0, 0]",71b03838aedd8ed73be9a30a9aff25f971e1d4264df192ee851f551a97bd018b,1092373,4096,287c97da31977d10c6c22b699122578a0ff15e7220384c6cbb77b8761e7455e2,1,43,1,192,hotspot_p64_e1_s32_interleave,32.0,64,64,interleave,0,15e3d662753970f2599a2c37faaf16fbb709deebe676947cd6d16d5f74554dce,551829.75,543346,1035742,1086679,256,0,102812056,552011.0,543519,1035936,1086876,181.25,181,196,197,8192,0,f4d6cc8831f2f2efecc4f5bf1d2832ae80749e4fe39ce38d812fe23fbaaa6083,experiments/20_placement_hotspots/results/20260910,32,read,12750,8fe411a767603ca7e24e843991bde9c63c759dfb2183e2fab1dbaf806ca6fb37,1,a8d0491982ce9dd82549cf6574da69466f59f4220201993e9d95f807f4504f9d,0,0,0,0,0,0,0,0,0,0,0,0,0,0
32.0,64,0,"[256, 0, 0, 0]",24bc5a345279875aefe01019290b3a34fd60bb8443631589e09a59325f61ec25,1092373,4096,287c97da31977d10c6c22b699122578a0ff15e7220384c6cbb77b8761e7455e2,1,43,1,192,hotspot_p64_e1_s32_modulo,32.0,64,64,modulo,0,a30cca178851f7c71637585c3eeac36ec1b140c4bda826dda3df1e21d07a9f7f,551829.75,543346,1035742,1086679,256,0,102812056,552011.0,543519,1035936,1086876,181.25,181,196,197,8192,0,f4d6cc8831f2f2efecc4f5bf1d2832ae80749e4fe39ce38d812fe23fbaaa6083,experiments/20_placement_hotspots/results/20260910,32,read,12750,8fe411a767603ca7e24e843991bde9c63c759dfb2183e2fab1dbaf806ca6fb37,1,a8d0491982ce9dd82549cf6574da69466f59f4220201993e9d95f807f4504f9d,0,0,0,0,0,0,0,0,0,0,0,0,0,0
32.0,64,0,"[64, 64, 64, 64]",2af77d89899ee6b8bc0956cf39152d07221ebec33715d0d9abfd7639799b7692,277353,4096,38c2d0add5c656e18a6c17f3f783457816d6dceb7683e84b3247bba48af4d423,1,43,1,192,hotspot_p64_e1_s32_stripe,32.0,64,64,stripe,0,14c621f420191f3d25360173f912d25107a12b2fcf1eb05e43dffee1e31920a4,144318.25,135842,271650,271668,256,0,24477745,144499.5,136023,271838,271856,181.25,181,196,197,8192,0,f4d6cc8831f2f2efecc4f5bf1d2832ae80749e4fe39ce38d812fe23fbaaa6083,experiments/20_placement_hotspots/results/20260910,32,read,12750,b339daec8a3f99723ad402650a706a6b80509acf935a1fee7fa9a22931c7c1f9,1,a8d0491982ce9dd82549cf6574da69466f59f4220201993e9d95f807f4504f9d,0,0,0,0,0,0,0,0,0,0,0,0,0,0
4.0,64,0,"[512, 512, 512, 512]",b9d34a549dd8675208bf1976f923e8b31a9cc77d9f4c816d0dc97d7d6ae9b804,141991,4096,151be10e9fca416eede67e4138173c742c514f7b069b27485febf6e73e06b7a7,8,390,1,1984,hotspot_p64_e8_s1_interleave,4.0,64,64,interleave,0,af38367fe4e76038473b5bcebcc9b9d463db20e8d98521a1528e8719ab0f22f5,76208.41015625,67863,135513,135557,2048,0,91085280,76401.34375,68039,135740,135756,192.93359375,183,239,245,65536,0,f4d6cc8831f2f2efecc4f5bf1d2832ae80749e4fe39ce38d812fe23fbaaa6083,experiments/20_placement_hotspots/results/20260910,1,read,12750,2498cd2a9315bb558f8d4b2589c4403ff9da559c242d39978efe5a87e7f36023,1,a8d0491982ce9dd82549cf6574da69466f59f4220201993e9d95f807f4504f9d,0,0,0,0,0,0,0,0,0,0,0,0,0,0
4.0,64,0,"[512, 512, 512, 512]",4b303177bc7a49ed023a27385ef560c6454e2bd628e76ebb8654193e9ff3d939,141991,4096,663b6b319211296c9f9c5137c7458c90c21342879d8c6eceeea691809b489c57,8,390,1,1984,hotspot_p64_e8_s1_modulo,4.0,64,64,modulo,0,64301ad17ebfcb44d32c3c6aadd36a8f6f8947c5d3d29f2c3f5f26b2bfb851ba,76208.41015625,67863,135513,135557,2048,0,91085280,76401.34375,68039,135740,135756,192.93359375,183,239,245,65536,0,f4d6cc8831f2f2efecc4f5bf1d2832ae80749e4fe39ce38d812fe23fbaaa6083,experiments/20_placement_hotspots/results/20260910,1,read,12750,1f085707ac00987687af2d323432d08c17e6712810c0bfb3de892dd26452e8cb,1,a8d0491982ce9dd82549cf6574da69466f59f4220201993e9d95f807f4504f9d,0,0,0,0,0,0,0,0,0,0,0,0,0,0
4.0,64,0,"[512, 512, 512, 512]",a3a13ae0cfab3a0cd376ffed524e86ff4c29c0f611787ba49a93f3708a90be4a,141991,4096,663b6b319211296c9f9c5137c7458c90c21342879d8c6eceeea691809b489c57,8,390,1,1984,hotspot_p64_e8_s1_stripe,4.0,64,64,stripe,0,960485e4edccab06c89716810498b101cfa084ed9282f14320a101f2efda63be,76208.41015625,67863,135513,135557,2048,0,91085280,76401.34375,68039,135740,135756,192.93359375,183,239,245,65536,0,f4d6cc8831f2f2efecc4f5bf1d2832ae80749e4fe39ce38d812fe23fbaaa6083,experiments/20_placement_hotspots/results/20260910,1,read,12750,1f085707ac00987687af2d323432d08c17e6712810c0bfb3de892dd26452e8cb,1,a8d0491982ce9dd82549cf6574da69466f59f4220201993e9d95f807f4504f9d,0,0,0,0,0,0,0,0,0,0,0,0,0,0
4.0,64,0,"[2048, 0, 0, 0]",c32ee57a795280e0c075a636a6dfd89b338fdf7706415ffaec6a02762d698774,142002,4096,12e806b83660962f2d79f730c4d22dce780b314f93900ad957976748d42bd52c,8,393,1,1984,hotspot_p64_e8_s4_interleave,4.0,64,64,interleave,0,914a42164c6d544c30cf28545b388c2ce226cd3765cc0ebe8b90cf442fb2aec5,76223.57421875,67896,135526,135582,2048,0,91081136,76419.5546875,68075,135758,135780,195.98046875,187,242,246,65536,0,f4d6cc8831f2f2efecc4f5bf1d2832ae80749e4fe39ce38d812fe23fbaaa6083,experiments/20_placement_hotspots/results/20260910,4,read,12750,28361f00975322af617aa7ada3da33387bceaf31508be322af921980f6dcbe1b,1,a8d0491982ce9dd82549cf6574da69466f59f4220201993e9d95f807f4504f9d,0,0,0,0,0,0,0,0,0,0,0,0,0,0
4.0,64,0,"[2048, 0, 0, 0]",b28f196528bca9186e14ead232dd2ff089f9b855260878ba889f0d39e55edf27,549502,4096,deefb42ca9fbf52db690b8a4d1366697b1fb521c8049f664362ec38c2bfd597a,8,393,1,1984,hotspot_p64_e8_s4_modulo,4.0,64,64,modulo,0,9c1e0d2d7779c28a263cf601941777c622d3b6af207709f7889d200309700642,279965.36328125,271619,526035,543029,2048,0,404415872,280161.34375,271799,526273,543262,195.98046875,187,242,246,65536,0,f4d6cc8831f2f2efecc4f5bf1d2832ae80749e4fe39ce38d812fe23fbaaa6083,experiments/20_placement_hotspots/results/20260910,4,read,12750,560c8db3562527e21f9d23008d397f5c7527fcf6c81b5cad7cc04260e5654892,1,a8d0491982ce9dd82549cf6574da69466f59f4220201993e9d95f807f4504f9d,0,0,0,0,0,0,0,0,0,0,0,0,0,0
4.0,64,0,"[512, 512, 512, 512]",a8f2d999a4fd8ac0fa73f63ee8c63d7c5a7e8231e7af3eaef10bed5a8d7a4a86,277799,4096,e0a2730bc06c4500aba8591d213746b887d5c26322dcf8cebed8286d3fe559b5,8,393,1,1984,hotspot_p64_e8_s4_stripe,4.0,64,64,stripe,0,a8e990a2d83b5c9e068ebb067a44f487f1a6351e454509d285d84b16e676427e,144122.41015625,135774,271306,271361,2048,0,195522960,144318.390625,135953,271547,271583,195.98046875,187,242,246,65536,0,f4d6cc8831f2f2efecc4f5bf1d2832ae80749e4fe39ce38d812fe23fbaaa6083,experiments/20_placement_hotspots/results/20260910,4,read,12750,e44cdd24bc6c28e04f0882f75b4c98a5b1a2dc0c510d7d4327cac4cb2686f74a,1,a8d0491982ce9dd82549cf6574da69466f59f4220201993e9d95f807f4504f9d,0,0,0,0,0,0,0,0,0,0,0,0,0,0
4.0,64,0,"[2048, 0, 0, 0]",f2e8e6c19df450e8360ab20ac6eebe65ad22aa2b023cc9e3e04622872f9e9bee,1092833,4096,b8762f784e2079d0dd8575a59abddb50faaa2fb5c04a161cb8d986803215bb18,8,393,1,1984,hotspot_p64_e8_s32_interleave,4.0,64,64,interleave,0,87cef3fd2aed5faf07b8ad43e852e57847bad21030f93218a1e900c1af169aeb,551644.125,543299,1035459,1086372,2048,0,822208915,551838.390625,543473,1035683,1086607,194.265625,183,251,255,65536,0,f4d6cc8831f2f2efecc4f5bf1d2832ae80749e4fe39ce38d812fe23fbaaa6083,experiments/20_placement_hotspots/results/20260910,32,read,12750,46ecc53bde73070db663f6286928bdbb435a0c800273950d09aa8895645fdf9d,1,a8d0491982ce9dd82549cf6574da69466f59f4220201993e9d95f807f4504f9d,0,0,0,0,0,0,0,0,0,0,0,0,0,0
4.0,64,0,"[2048, 0, 0, 0]",ee4e365bb27bf93c614deb3283b5d397a6c6c9e7f04ed9a878d4d41191f43976,1092833,4096,b8762f784e2079d0dd8575a59abddb50faaa2fb5c04a161cb8d986803215bb18,8,393,1,1984,hotspot_p64_e8_s32_modulo,4.0,64,64,modulo,0,e7b866ca7570de09cf13045df907b95f2d1cfc33a17ffcda5258aeb0e62a2c7e,551644.125,543299,1035459,1086372,2048,0,822208915,551838.390625,543473,1035683,1086607,194.265625,183,251,255,65536,0,f4d6cc8831f2f2efecc4f5bf1d2832ae80749e4fe39ce38d812fe23fbaaa6083,experiments/20_placement_hotspots/results/20260910,32,read,12750,46ecc53bde73070db663f6286928bdbb435a0c800273950d09aa8895645fdf9d,1,a8d0491982ce9dd82549cf6574da69466f59f4220201993e9d95f807f4504f9d,0,0,0,0,0,0,0,0,0,0,0,0,0,0
4.0,64,0,"[512, 512, 512, 512]",930a5068df7e314bfa94fb72b3598df12dd28b82e7ba7af0b2e8969e5e0125a5,277799,4096,69010a17a1f58544bea5c384977ddd561d584c1a0fee090b83c9ff69c1d92ecf,8,393,1,1984,hotspot_p64_e8_s32_stripe,4.0,64,64,stripe,0,17e48d313bbcf086765c618ef7019dfbb415216fe19490bcc67acacdeb3c897e,144124.125,135779,271318,271361,2048,0,195525460,144318.390625,135953,271548,271584,194.265625,183,251,255,65536,0,f4d6cc8831f2f2efecc4f5bf1d2832ae80749e4fe39ce38d812fe23fbaaa6083,experiments/20_placement_hotspots/results/20260910,32,read,12750,ed5465d1478a69e34e626a539c33778b1cb276ade2cb5b8ebbf265f0576d9d41,1,a8d0491982ce9dd82549cf6574da69466f59f4220201993e9d95f807f4504f9d,0,0,0,0,0,0,0,0,0,0,0,0,0,0
32.0,128,0,"[128, 128, 128, 128]",0c76d3c3b199f92d304b4e456922d5d82bc8be69a540d45682078365a1a199d8,294371,4096,8783a34a0b84ca619e8ebbea102650b378f37c72bc4efb4ff541fe0f624e8e75,1,96,1,384,hotspot_p128_e1_s1_interleave,32.0,128,128,interleave,0,2bc012a63f6fa092a2c11930569295ffc891ae6e0655071f245416c5339b1eda,144554.650390625,135810,271591,288566,512,0,49046416,144755.759765625,136010,271817,288797,201.109375,200,231,237,16384,0,f4d6cc8831f2f2efecc4f5bf1d2832ae80749e4fe39ce38d812fe23fbaaa6083,experiments/20_placement_hotspots/results/20260910,1,read,12750,d327a2a4d123715b6832d2a4e9da39cdd42b41d1de7f6cbb0b117dd064c7b018,1,a8d0491982ce9dd82549cf6574da69466f59f4220201993e9d95f807f4504f9d,0,0,0,0,0,0,0,0,0,0,0,0,0,0
32.0,128,0,"[128, 128, 128, 128]",cfb34dd7d485fd8ad32d717eac7f3357d6fbfbec07e8e9d43845222f997d186f,277454,4096,41e8e015963ed191a60d3314dcb96cb8f5695e7ebf1bb5cf52133a9b905aa687,1,96,1,384,hotspot_p128_e1_s1_modulo,32.0,128,128,modulo,0,5d71d6b938ca4a115e9286e5875ed668e4bdb3bd7aadaf811434dbbcaad09044,144315.953125,135840,271634,271668,512,0,48954632,144517.0625,136060,271851,271887,201.109375,200,231,237,16384,0,f4d6cc8831f2f2efecc4f5bf1d2832ae80749e4fe39ce38d812fe23fbaaa6083,experiments/20_placement_hotspots/results/20260910,1,read,12750,eca07a507664df90cd093e73fad2063289cdba5635b564f7ae97c373cf0a4c75,1,a8d0491982ce9dd82549cf6574da69466f59f4220201993e9d95f807f4504f9d,0,0,0,0,0,0,0,0,0,0,0,0,0,0
32.0,128,0,"[128, 128, 128, 128]",93d90a9c7163864a933835eeccf63092a8e3e6c9a7348e157e552d40bacfd2ee,277454,4096,41e8e015963ed191a60d3314dcb96cb8f5695e7ebf1bb5cf52133a9b905aa687,1,96,1,384,hotspot_p128_e1_s1_stripe,32.0,128,128,stripe,0,0c674fc6de4d067ed74f5edc226f107af32a329af0840878089fc128944447d4,144315.953125,135840,271634,271668,512,0,48954632,144517.0625,136060,271851,271887,201.109375,200,231,237,16384,0,f4d6cc8831f2f2efecc4f5bf1d2832ae80749e4fe39ce38d812fe23fbaaa6083,experiments/20_placement_hotspots/results/20260910,1,read,12750,eca07a507664df90cd093e73fad2063289cdba5635b564f7ae97c373cf0a4c75,1,a8d0491982ce9dd82549cf6574da69466f59f4220201993e9d95f807f4504f9d,0,0,0,0,0,0,0,0,0,0,0,0,0,0
32.0,128,0,"[512, 0, 0, 0]",04e9a898080fc703cf13247ce9160500a315340fb50e08f0ce6225953555836c,277451,4096,51c1491bb2dd7e42c0049119537ea8f998079d993c0eba3549f26215fb379c87,1,88,1,384,hotspot_p128_e1_s4_interleave,32.0,128,128,interleave,0,be8fd9b2ae72e22b8d9cccbbf4a6b1edb3b8985d54da1d071149c94ecb218ed9,144316.765625,135842,271636,271672,512,0,48954958,144515.6875,136052,271848,271885,198.921875,198,229,235,16384,0,f4d6cc8831f2f2efecc4f5bf1d2832ae80749e4fe39ce38d812fe23fbaaa6083,experiments/20_placement_hotspots/results/20260910,4,read,12750,47b9da5b5e5cf0df9a52002574e3e6d796b478ded44472deafe3780da617981d,1,a8d0491982ce9dd82549cf6574da69466f59f4220201993e9d95f807f4504f9d,0,0,0,0,0,0,0,0,0,0,0,0,0,0
32.0,128,0,"[512, 0, 0, 0]",5ad8a8b09cd9dc162ed59bb9680c6247e14c2d60eede15004145be025c919adb,1092438,4096,cf260648077cf640d04674d3c0f049be82802ef7aecdd0e30e64b02c76c5a3f8,1,88,1,384,hotspot_p128_e1_s4_modulo,32.0,128,128,modulo,0,557e5ea72100a38c2b57c4057991a0a2a7ab06dba707f8de5586e31fb8420ac3,551809.515625,543336,1035704,1086640,512,0,205616472,552008.4375,543528,1035934,1086865,198.921875,198,229,235,16384,0,f4d6cc8831f2f2efecc4f5bf1d2832ae80749e4fe39ce38d812fe23fbaaa6083,experiments/20_placement_hotspots/results/20260910,4,read,12750,2f6b93596cf2318e233a4403b088a34dbb17f9a4eefba01b7631f1cab0b75602,1,a8d0491982ce9dd82549cf6574da69466f59f4220201993e9d95f807f4504f9d,0,0,0,0,0,0,0,0,0,0,0,0,0,0
32.0,128,0,"[128, 128, 128, 128]",2adda6afb6150952cdf40719d32ff13f75bb53cba6b7c527dda8dbbe0aea4bec,549093,4096,7bdcee50572dad37f1832d4b9d3ff3996cfd114219b5543f9377551e3f411e5b,1,88,1,384,hotspot_p128_e1_s4_stripe,32.0,128,128,stripe,0,e8c01ed0085c8327a7ddd86dec216eca60c36066d5b0e4d5c2dc1a6794200bb3,280136.265625,271675,526312,543298,512,0,101171050,280335.1875,271862,526534,543520,198.921875,198,229,235,16384,0,f4d6cc8831f2f2efecc4f5bf1d2832ae80749e4fe39ce38d812fe23fbaaa6083,experiments/20_placement_hotspots/results/20260910,4,read,12750,654797c5ae7b867acebba10926b423cad9872e92bddac58d1051ee60aff032bb,1,a8d0491982ce9dd82549cf6574da69466f59f4220201993e9d95f807f4504f9d,0,0,0,0,0,0,0,0,0,0,0,0,0,0
32.0,128,0,"[512, 0, 0, 0]",cb01d10e4775158df6c2dab6dcedab6e9ece4e0f33fcd69db56cb96b84739a69,2179150,4096,2e9b86c74589d5f4b0eb0e6d22c744db723f00066f850ba6badcde5506047cc8,1,88,1,384,hotspot_p128_e1_s32_interleave,32.0,128,128,interleave,0,b3a246e2b78551f7b4b0ba95f885096810cbcd306efafed7c1cb5ec0bf4faac1,1095165.515625,1086681,2071475,2156375,512,0,414510927,1095364.4375,1086875,2071697,2156597,198.921875,198,229,235,16384,0,f4d6cc8831f2f2efecc4f5bf1d2832ae80749e4fe39ce38d812fe23fbaaa6083,experiments/20_placement_hotspots/results/20260910,32,read,12750,ddc28d8ddf34311d426c873e6e0f120d8019c1a43704d2f02f32d32b4133a051,1,a8d0491982ce9dd82549cf6574da69466f59f4220201993e9d95f807f4504f9d,0,0,0,0,0,0,0,0,0,0,0,0,0,0
32.0,128,0,"[512, 0, 0, 0]",f900b1c08335c4028a27afd5aa998212a44133af80f7fca3ba93a8e917a9b4f6,2179150,4096,2e9b86c74589d5f4b0eb0e6d22c744db723f00066f850ba6badcde5506047cc8,1,88,1,384,hotspot_p128_e1_s32_modulo,32.0,128,128,modulo,0,96fbc2218f9a605d4ed1b4d4b14ee12118594c46bdf86c5f0191990990a6a87f,1095165.515625,1086681,2071475,2156375,512,0,414510927,1095364.4375,1086875,2071697,2156597,198.921875,198,229,235,16384,0,f4d6cc8831f2f2efecc4f5bf1d2832ae80749e4fe39ce38d812fe23fbaaa6083,experiments/20_placement_hotspots/results/20260910,32,read,12750,ddc28d8ddf34311d426c873e6e0f120d8019c1a43704d2f02f32d32b4133a051,1,a8d0491982ce9dd82549cf6574da69466f59f4220201993e9d95f807f4504f9d,0,0,0,0,0,0,0,0,0,0,0,0,0,0
32.0,128,0,"[128, 128, 128, 128]",c81f19d9f8969c3a96a39d12bb0a1a74d8dc251d0d9bce2eb1487df6315c9480,549093,4096,89f2e52baabb316dd9920fd7a1952e699dcfc5ea04ff16eef2784bd1a775550a,1,88,1,384,hotspot_p128_e1_s32_stripe,32.0,128,128,stripe,0,57e175005ccc407e8862d86374478887c2bcb002fd17be34c55ace3246746783,280136.265625,271675,526312,543298,512,0,101171050,280335.1875,271862,526534,543520,198.921875,198,229,235,16384,0,f4d6cc8831f2f2efecc4f5bf1d2832ae80749e4fe39ce38d812fe23fbaaa6083,experiments/20_placement_hotspots/results/20260910,32,read,12750,0e0110e2823e77f556a9f52f560ccbbb975e127024e0be9adb597af7450c279f,1,a8d0491982ce9dd82549cf6574da69466f59f4220201993e9d95f807f4504f9d,0,0,0,0,0,0,0,0,0,0,0,0,0,0
4.0,128,0,"[1024, 1024, 1024, 1024]",ded0f9d26f7213ce1af2cf7cbac9afcc3af61937f6c3d9eb4e05f036a16171df,277831,4096,f65ceffdd699fb350a939532eb4f5ef1add7a9a67e30dd9c2d1d1cc036e63010,8,136598,1,3968,hotspot_p128_e8_s1_interleave,4.0,128,128,interleave,0,8628cb9e594a31f6511a20c6c39678543ed741ffa477a018fe3b6e56733a8fa3,105664.126953125,135103,135468,135532,4096,0,272753240,105851.5,135293,135713,135749,187.373046875,182,234,243,131072,0,f4d6cc8831f2f2efecc4f5bf1d2832ae80749e4fe39ce38d812fe23fbaaa6083,experiments/20_placement_hotspots/results/20260910,1,read,12750,e4dd8ba9a2ca9b7cd86efaeb90d1b24fe058191606c7735b7e75915841b5644f,1,a8d0491982ce9dd82549cf6574da69466f59f4220201993e9d95f807f4504f9d,0,0,0,0,0,0,0,0,0,0,0,0,0,0
4.0,128,0,"[1024, 1024, 1024, 1024]",789729b8f4d7c5509e2f702cf557f8f7d63afdf3b0a41ac32f87ff10ec068c38,277831,4096,dd10b1874898df18a65e6ff1c2794b360b200c6790475c5c875649eb49c7ec2a,8,136598,1,3968,hotspot_p128_e8_s1_modulo,4.0,128,128,modulo,0,c9717d570943730db0edc9616c6d1fd5d4612ca3ef7f7974ada4b0c7f7dd763b,105664.126953125,135103,135468,135532,4096,0,272753240,105851.5,135293,135713,135749,187.373046875,182,234,243,131072,0,f4d6cc8831f2f2efecc4f5bf1d2832ae80749e4fe39ce38d812fe23fbaaa6083,experiments/20_placement_hotspots/results/20260910,1,read,12750,fbccf59fd52ff02e7d1bab90954c304ec52ff9efbe93bdfb0b6323a81c47ba42,1,a8d0491982ce9dd82549cf6574da69466f59f4220201993e9d95f807f4504f9d,0,0,0,0,0,0,0,0,0,0,0,0,0,0
4.0,128,0,"[1024, 1024, 1024, 1024]",ce7b530dbe30e9cfa40bf69694862db99d6f2f552d4435e6ded969c7693869b5,277831,4096,dd10b1874898df18a65e6ff1c2794b360b200c6790475c5c875649eb49c7ec2a,8,136598,1,3968,hotspot_p128_e8_s1_stripe,4.0,128,128,stripe,0,77e968c5b77993277206b3fd293cd666cdbc1c00aabe7756b953ae8461f9dc42,105664.126953125,135103,135468,135532,4096,0,272753240,105851.5,135293,135713,135749,187.373046875,182,234,243,131072,0,f4d6cc8831f2f2efecc4f5bf1d2832ae80749e4fe39ce38d812fe23fbaaa6083,experiments/20_placement_hotspots/results/20260910,1,read,12750,fbccf59fd52ff02e7d1bab90954c304ec52ff9efbe93bdfb0b6323a81c47ba42,1,a8d0491982ce9dd82549cf6574da69466f59f4220201993e9d95f807f4504f9d,0,0,0,0,0,0,0,0,0,0,0,0,0,0
4.0,128,0,"[4096, 0, 0, 0]",5a9a7b12a65060ba4e907af77fe42a22bc92754b89854d0fb47f0cf0e9c8f72f,277842,4096,53e8671668c8d55946a48d2429b67c025ba2822ec13acdee64f40ae42e144795,8,136603,1,3968,hotspot_p128_e8_s4_interleave,4.0,128,128,interleave,0,d85f20361afee2f1a7383bf6e819e6e8add40121b188c7968d674088513ae756,105682.54931640625,135128,135491,135552,4096,0,272754501,105869.6953125,135310,135730,135773,187.14599609375,181,238,244,131072,0,f4d6cc8831f2f2efecc4f5bf1d2832ae80749e4fe39ce38d812fe23fbaaa6083,experiments/20_placement_hotspots/results/20260910,4,read,12750,6718f0e335defbd4010ad16e13e80d6b9263a59e9134217a78ff8725ef2ff7f2,1,a8d0491982ce9dd82549cf6574da69466f59f4220201993e9d95f807f4504f9d,0,0,0,0,0,0,0,0,0,0,0,0,0,0
4.0,128,0,"[4096, 0, 0, 0]",2ed636f67c09dc2d308d74e6067e1121dff137da05abe9e56b0124250884d432,1092838,4096,5fc7f378e51a3b776675cfcaca141d46fc24d9f5c993a712d91ec3e25ecb0c3d,8,544098,1,3968,hotspot_p128_e8_s4_modulo,4.0,128,128,modulo,0,91a2cb74bc692c16d41c7d51cbbd25627883293f2e3cadd30b377676ffde110f,407455.3483886719,509404,542676,543012,4096,0,1200939275,411498.4375,526275,542852,559803,4043.089111328125,185,33422,33453,131072,0,f4d6cc8831f2f2efecc4f5bf1d2832ae80749e4fe39ce38d812fe23fbaaa6083,experiments/20_placement_hotspots/results/20260910,4,read,12750,5203c2f658ba21bac7071d53610503240e0e1d86f6471b950d019a4c5cf887bb,1,a8d0491982ce9dd82549cf6574da69466f59f4220201993e9d95f807f4504f9d,0,0,0,0,0,0,0,0,0,0,0,0,0,0
4.0,128,0,"[1024, 1024, 1024, 1024]",141837d20f28ce96851be2419231c10d7d2cb630388e680bcbd3c69996cc53a2,549485,4096,1d065ad5116e6c1cc3903b23eab4d0530bf778aa759789d0db542cdc10dbf5d8,8,272401,1,3968,hotspot_p128_e8_s4_stripe,4.0,128,128,stripe,0,ea7edc56c9f04ec28ed19995fae5ec48a469393be1adc115a1b91a75b0416bd5,207552.96044921875,270969,271001,271345,4096,0,586127878,207739.9140625,271155,271170,271580,186.95361328125,181,238,244,131072,0,f4d6cc8831f2f2efecc4f5bf1d2832ae80749e4fe39ce38d812fe23fbaaa6083,experiments/20_placement_hotspots/results/20260910,4,read,12750,20d03491aff787ea7d305d35a83a27610cc136b13549d989488c4ac190f91c2e,1,a8d0491982ce9dd82549cf6574da69466f59f4220201993e9d95f807f4504f9d,0,0,0,0,0,0,0,0,0,0,0,0,0,0
4.0,128,0,"[4096, 0, 0, 0]",74ffde177c44397b3ec3510a27cb76b706147229044ba0207d8db35219258ef6,2179553,4096,b9a1e5fd68e8008c605f67ab18487a6a278db363e261554204343e3953135755,8,1087435,1,3968,hotspot_p128_e8_s32_interleave,4.0,128,128,interleave,0,15a7372d16ae7e1608fb98b2f4ea039646b3f724362ffa2277e71ce1e3a80ee3,811018.7937011719,1018800,1086036,1086045,4096,0,2442153848,819022.2734375,1069223,1103187,1137148,8003.479736328125,185,50434,67413,131072,0,f4d6cc8831f2f2efecc4f5bf1d2832ae80749e4fe39ce38d812fe23fbaaa6083,experiments/20_placement_hotspots/results/20260910,32,read,12750,b51489c8f46db4f97c5dcc55c08d0eaf5647da3f2951db95b29dc8f39bbc7818,1,a8d0491982ce9dd82549cf6574da69466f59f4220201993e9d95f807f4504f9d,0,0,0,0,0,0,0,0,0,0,0,0,0,0
4.0,128,0,"[4096, 0, 0, 0]",a45c7e1b26c0b1352ed42eb08f76d5caa5b936882250adfc8a3fb8d6aebb33ba,2179553,4096,b9a1e5fd68e8008c605f67ab18487a6a278db363e261554204343e3953135755,8,1087435,1,3968,hotspot_p128_e8_s32_modulo,4.0,128,128,modulo,0,5e0f9ec37b62f55128e48d395439db0a467c9d347ff6848a3751f231e59e7279,811018.7937011719,1018800,1086036,1086045,4096,0,2442153848,819022.2734375,1069223,1103187,1137148,8003.479736328125,185,50434,67413,131072,0,f4d6cc8831f2f2efecc4f5bf1d2832ae80749e4fe39ce38d812fe23fbaaa6083,experiments/20_placement_hotspots/results/20260910,32,read,12750,b51489c8f46db4f97c5dcc55c08d0eaf5647da3f2951db95b29dc8f39bbc7818,1,a8d0491982ce9dd82549cf6574da69466f59f4220201993e9d95f807f4504f9d,0,0,0,0,0,0,0,0,0,0,0,0,0,0
4.0,128,0,"[1024, 1024, 1024, 1024]",ab71b495954b7736ae3a085c06b3c3027ab53f26cd51f2b444087e0159694a27,549485,4096,02293afd39f17da1535b1a3d317d844fb45236cbfa12959c0dcb86bef32f7f8b,8,272401,1,3968,hotspot_p128_e8_s32_stripe,4.0,128,128,stripe,0,1256ea240c7a456f22c1a34dc4cdd2ced7c6f9865aee6db537140536dd9d5e25,205645.63720703125,254690,271001,271355,4096,0,580261591,207740.6953125,271156,271170,271579,2095.05810546875,182,16470,16478,131072,0,f4d6cc8831f2f2efecc4f5bf1d2832ae80749e4fe39ce38d812fe23fbaaa6083,experiments/20_placement_hotspots/results/20260910,32,read,12750,c5aaacb0158de1e331f452e9c3010b364ec1ee6a1fdd6a206fd7e054282df1a7,1,a8d0491982ce9dd82549cf6574da69466f59f4220201993e9d95f807f4504f9d,0,0,0,0,0,0,0,0,0,0,0,0,0,0
