name,channels,pages,producers,subarrays,active,group,cycles,span_core_cycles,ingress_span_core_cycles,first_wave_issued,peak_active,media_utilization,service_efficiency,requested_bytes,array_bytes,array_reads,array_bandwidth_gbs,returned_bandwidth_gbs,useful_lane_bandwidth_gbs,array_ceiling_gbs,trace_sha256,config_sha256,raw_log_sha256,trace_valid,run_rc,source_bundle,simulator_sha256,workload_sha256
grow_c1_p1024_n1024,1,1024,1024,32,32,grow,548840,543392,127,32,32,0.9999429508401869,0.9999411106530829,32768,4194304,1024,8.737618750368057,0.06826264648725044,0.008532830810906306,8.738133333333334,724175fccafe2b1bdc78172e382f5515b79842e102675a2aa1044d649584c310,0f828b574921b53963967b58614f32021331817a922b853e46584073d6dc85ed,8cf4019909d2415c261509681537f56563eff8aa51beee47d1c53b97d3f76aca,1,0,experiments/19_media_saturation/results/20260909-supply,f4d6cc8831f2f2efecc4f5bf1d2832ae80749e4fe39ce38d812fe23fbaaa6083,ec3fdb24e7d4e1a0c0c43a31975dba1f74a553485ae877e1ce5565d8155c07ae
grow_c2_p1024_n1024,2,1024,1024,64,64,grow,277192,271744,127,64,64,0.9997681633013545,0.9997644842204427,32768,4194304,1024,17.472150730098914,0.13650117757889776,0.01706264719736222,17.476266666666668,21e280175ce802a874631132ecea7148e5ec0349d69bd32bcd46f38c2e56eec5,06fba79a387192b40737576d41c9f3e220a472f65ca6c9a8376bf360c08ed897,372a1c701213e6714f6ca7bec60270908455be0a7bbbaa1cac2b2566d5f362f2,1,0,experiments/19_media_saturation/results/20260909-supply,f4d6cc8831f2f2efecc4f5bf1d2832ae80749e4fe39ce38d812fe23fbaaa6083,ec3fdb24e7d4e1a0c0c43a31975dba1f74a553485ae877e1ce5565d8155c07ae
grow_c4_p1024_n1024,4,1024,1024,128,128,grow,141416,135968,127,128,128,0.9990659498260608,0.9990586020240056,32768,4194304,1024,34.91962908919746,0.27280960225935513,0.03410120028241939,34.952533333333335,851fe535a95f05ffa028ee6cd5d518e28ac8e9dff9636f89fd9b656436a2fc09,6cbf6b53a4e6921e5b664b3dfab2bdae7769d64433280c5b0c045d81bde155d3,039818683da798a41d3c2a98b8abbf840e62185b4c0c4fedc96713f22b40d1a2,1,0,experiments/19_media_saturation/results/20260909-supply,f4d6cc8831f2f2efecc4f5bf1d2832ae80749e4fe39ce38d812fe23fbaaa6083,ec3fdb24e7d4e1a0c0c43a31975dba1f74a553485ae877e1ce5565d8155c07ae
grow_c8_p1024_n1024,8,1024,1024,256,256,grow,73497,68048,127,256,256,0.9981336429232737,0.9981189748412885,32768,4194304,1024,69.77357347754526,0.5451060427933223,0.06813825534916529,69.90506666666667,32d10590438f226831739c725f395a4ba807cba6604639568ce2c7a537530f04,cf9e6b1851d6e13f6e7a434f3e998c046489876337ec0d9fe4f36df8aab21f3d,20eddbdcc6ce22cea0de524eca2a6902a4f25364ae8f0b34fb5f5995aec4d9e5,1,0,experiments/19_media_saturation/results/20260909-supply,f4d6cc8831f2f2efecc4f5bf1d2832ae80749e4fe39ce38d812fe23fbaaa6083,ec3fdb24e7d4e1a0c0c43a31975dba1f74a553485ae877e1ce5565d8155c07ae
grow_c16_p1024_n1024,16,1024,1024,512,512,grow,39537,34088,127,512,512,0.9962742394461231,0.9962450129077681,32768,4194304,1024,139.28514808730344,1.0881652194320581,0.13602065242900727,139.81013333333334,caee052d59f0e18461f9a551dc1821dfa86eb9bb6b961e55a18cb904504a2c15,09f3609f81db6795d67a5374202710914eceb819160052ec1d83057f9243cc9b,66909fe8d3cebd4b88d74dde66b49299caa4fc87acdd37aa327ff73872b7c735,1,0,experiments/19_media_saturation/results/20260909-supply,f4d6cc8831f2f2efecc4f5bf1d2832ae80749e4fe39ce38d812fe23fbaaa6083,ec3fdb24e7d4e1a0c0c43a31975dba1f74a553485ae877e1ce5565d8155c07ae
supply_c16_p1024_n256,16,1024,256,512,512,supply,74227,68779,51798,256,256,0.49376254034720407,0.4937553613748383,32768,4194304,1024,69.03200290786431,0.5393125227176899,0.06741406533971124,139.81013333333334,cd788023c617c92bc4559c049e8370fa10edb622c366789a06cf435625532f52,abfdf2f4c82de311c5e7b75b7dbf6a183e5a506daad4f95e9fa41bec8cdf52fe,f1ef5ba4156d30e3ddd5d0be829dc790edf26965ce20ba6f19d5980a559afb52,1,0,experiments/19_media_saturation/results/20260909-supply,f4d6cc8831f2f2efecc4f5bf1d2832ae80749e4fe39ce38d812fe23fbaaa6083,ec3fdb24e7d4e1a0c0c43a31975dba1f74a553485ae877e1ce5565d8155c07ae
supply_c16_p1024_n512,16,1024,512,512,512,supply,39783,34333,17352,512,512,0.9891646277525341,0.9891358168525908,32768,4194304,1024,138.29121043893628,1.0804000815541897,0.1350500101942737,139.81013333333334,b7d6a685ba5341dade1ba95e3869ebd2655c9a4a9c932331389b0a858c22071e,8b6c23107e4570abc51e1014e3c16b71a3579e9f68b3c5a8f5197983cf243a31,e9e5420529fae9da89259c0612e034ce6f3d385479f8cf2f40e374d8a60b1534,1,0,experiments/19_media_saturation/results/20260909-supply,f4d6cc8831f2f2efecc4f5bf1d2832ae80749e4fe39ce38d812fe23fbaaa6083,ec3fdb24e7d4e1a0c0c43a31975dba1f74a553485ae877e1ce5565d8155c07ae
size_c16_p2048_n2048,16,2048,2048,512,512,size,73497,68048,127,512,512,0.9981336429232737,0.9981189748412885,65536,8388608,2048,139.5471469550905,1.0902120855866446,0.13627651069833058,139.81013333333334,1d55462d670eef87a34b85c8b83741c1566c998900b2df3794b76b9929353900,6a054334b822e07e6f06f8721bf28e2a4946f48a7991271f72586af94dc3b49c,7d9a8872987d28d58ecdb9e7f32bc53b41867d7462df5225f264831e291f0ddf,1,0,experiments/19_media_saturation/results/20260909-supply,f4d6cc8831f2f2efecc4f5bf1d2832ae80749e4fe39ce38d812fe23fbaaa6083,ec3fdb24e7d4e1a0c0c43a31975dba1f74a553485ae877e1ce5565d8155c07ae
fixed_c16_p1024_n1024,16,1024,1024,32,32,fixed,548840,543392,127,32,32,0.9999429508401869,0.9999411106530829,32768,4194304,1024,8.737618750368057,0.06826264648725044,0.008532830810906306,8.738133333333334,9589ffe8e1b582485f69bc3c8336edcd547bdedb3d947c07cbc463d7a0d54576,44201f3ec37da8d2fe6a19c5d59703c2e5e768ce4fa4fc997e4db876fd06329f,10cb3be345dc4120572312db1afba6adb179bd67583cd80c49a679593e880e72,1,0,experiments/19_media_saturation/results/20260909-supply,f4d6cc8831f2f2efecc4f5bf1d2832ae80749e4fe39ce38d812fe23fbaaa6083,ec3fdb24e7d4e1a0c0c43a31975dba1f74a553485ae877e1ce5565d8155c07ae
