admitted_last_page_sectors,array_reads,assembly_deadline,buffer_hits,config_sha256,cycles,diagnostic_sha256,expected_last_page_sectors,gap,ingress_span,mshr_hits,name,outcome,page_services,permutation,programs,raw_log_sha256,read_channels,read_controller_mean,read_controller_p50,read_controller_p95,read_controller_p99,read_count,read_delay,read_program_request_ticks,read_queue_request_ticks,read_total_mean,read_total_p50,read_total_p95,read_total_p99,read_upstream_mean,read_upstream_p50,read_upstream_p95,read_upstream_p99,run_rc,scheduler,simulator_sha256,source_bundle,suite,tr,trace_sha256,trace_valid,workload_sha256,write_bytes,write_controller_mean,write_controller_p50,write_controller_p95,write_controller_p99,write_count,write_pages,write_total_mean,write_total_p50,write_total_p95,write_total_p99,write_upstream_mean,write_upstream_p50,write_upstream_p95,write_upstream_p99
,128,,0,616d1673f21936c792c7c3243d7f4c7ca274520a1af21fa84a2539de46f44142,549442,bab357b84ca327e8fcc0f41de483a2985a2b0a2fd020bf86f17cb68a3639d970,,0,475702,384,phase_alone_d0,complete,128,0,0,cc5f9356e1c37a5aec69aa9a604f2dd6fffe6633db10d1c187df0df9a0519447,0,71965.478515625,67675,118744,135740,512,0,0,21139349,72144.8125,67841,118999,135988,179.333984375,169,242,257,0,1,6909b15c2d81680ef6dd3882077b3c7c61c6adc4cb9736b764766fafde8d60e1,experiments/17_system_boundaries/results/20260908-phase-final,phase,12750,9d2ffa9a199f60b5e3b44e9a1b8798c56cc7a91a8ff90048dc4df993e78c4b6e,1,3d329db994a9faf5badaf1cbaaf2c0b739a63f5f13e7cb927b9247737d6c4aba,0,0,0,0,0,0,0,0,0,0,0,0,0,0,0
,128,,0,5b821555b8575bed60a2c013e0ca7c8e2bc291d4ed0a8d83153ca2dfe00be882,662667,f7831219de7f6694f240e03289d4770d386811b9d7d2e2f9fcd65e02804c5a01,,0,475733,384,phase_alone_d113200,complete,128,0,0,fb400fe337d54a8dd3d48ad073f7ae130276e768c151ed1e472eb1184004588f,0,72632.76953125,67676,118780,135757,512,113200,0,21396031,72811.0,67842,119017,135995,178.23046875,169,238,253,0,1,6909b15c2d81680ef6dd3882077b3c7c61c6adc4cb9736b764766fafde8d60e1,experiments/17_system_boundaries/results/20260908-phase-final,phase,12750,9a7ead0ab34c66466eb266c4b197626360f9cbb395392d0d3b0cebfc62ec57c4,1,3d329db994a9faf5badaf1cbaaf2c0b739a63f5f13e7cb927b9247737d6c4aba,0,0,0,0,0,0,0,0,0,0,0,0,0,0,0
,128,,0,5ada7fd4b03938d54e15ec18206c5f4b81e06b136d6fa1adfdb76a785f9bbbf4,719241,6082604f08c4ccdbd81fd03b32686a66cb68d6572063d89341ec8ef5b2253e3e,,0,475711,384,phase_alone_d169800,complete,128,0,0,3323a1eb32027d802af10da8b3b606517e193ac07828f3b67c487f75c296720f,0,72763.478515625,67675,118754,135750,512,169800,0,21445991,72941.484375,67842,119001,135993,178.005859375,168,238,253,0,1,6909b15c2d81680ef6dd3882077b3c7c61c6adc4cb9736b764766fafde8d60e1,experiments/17_system_boundaries/results/20260908-phase-crossover,phase,12750,3a76b192a522782376743f5192bb2623feb491c3e0f42b3fb762f32857031eaf,1,3d329db994a9faf5badaf1cbaaf2c0b739a63f5f13e7cb927b9247737d6c4aba,0,0,0,0,0,0,0,0,0,0,0,0,0,0,0
,128,,0,9d1f5c1427c01d6c80d50e28261bb7da0d5423b9d4a0a5de355d5c73f4759fbb,832450,9928d01f1819d2f0e8eefa643c44dba7fb343e5b0c6abcf764ddfc0366cd215c,,0,475721,384,phase_alone_d283000,complete,128,0,0,59d693c498ca7ff6ae79f609db8f6a28016b520e60c8cbcc1c92fbc5c8688909,0,72632.349609375,67675,118770,135748,512,283000,0,21395712,72810.296875,67842,119010,135991,177.947265625,169,236,251,0,1,6909b15c2d81680ef6dd3882077b3c7c61c6adc4cb9736b764766fafde8d60e1,experiments/17_system_boundaries/results/20260908-phase-crossover,phase,12750,bb5a51a20cb40762ce1591a8f4e51ecbb012cb776b371c217c87ca0eb55e69cc,1,3d329db994a9faf5badaf1cbaaf2c0b739a63f5f13e7cb927b9247737d6c4aba,0,0,0,0,0,0,0,0,0,0,0,0,0,0,0
,128,,0,43ddb198722b0d140e902fd6dcc618b6709dd89511db24563e386c3d6980d423,606046,88d033c6b12087c55670a119a05af7c62c0a717be576bc003907fad878e9bf47,,0,475713,384,phase_alone_d56600,complete,128,0,0,230d954cef45fef0bb78ababec882dcb4cee09bbaad6a2b6122da5b605035512,0,72763.103515625,67675,118766,135746,512,56600,0,21445980,72941.4296875,67842,119002,135983,178.326171875,169,237,253,0,1,6909b15c2d81680ef6dd3882077b3c7c61c6adc4cb9736b764766fafde8d60e1,experiments/17_system_boundaries/results/20260908-phase-crossover,phase,12750,03064a35b40284d9723f32732922d591494fc65d755aa654b29d9d81c5fd8570,1,3d329db994a9faf5badaf1cbaaf2c0b739a63f5f13e7cb927b9247737d6c4aba,0,0,0,0,0,0,0,0,0,0,0,0,0,0,0
,128,,0,4cdbe1788579ed43f6746ee6ff23064bdf4025e484d0b0bb001c664a1401159b,1455159,d8a8cb23e2f264c95d936e0f390b7350e802abff38a3629a83c04ce8f16b20f4,,0,1381306,384,phase_w16_d0_r0_s0,complete,128,0,16,a9e4023564bd8493a94b66ce9d05416f9d35259681114a67dc74a586554eae3f,0,186218.248046875,67675,990256,1024213,512,0,43516308,65064134,186401.5546875,67842,990422,1024382,183.306640625,169,279,375,0,0,6909b15c2d81680ef6dd3882077b3c7c61c6adc4cb9736b764766fafde8d60e1,experiments/17_system_boundaries/results/20260908-phase-final,phase,12750,c88b16a3f155b68b50ed26b900d687b93314dc27828880e6c0c5676cca6bd1b5,1,3d329db994a9faf5badaf1cbaaf2c0b739a63f5f13e7cb927b9247737d6c4aba,65536,683166.71875,588580,1041240,1041340,2048,16,683406.759765625,588744,1041462,1041518,240.041015625,223,356,375
,128,,0,6888244281d4b10ce406843297c638101a53f9549716d01c226122cdb1e030d2,1455238,fc3a73440d36b8007e057cce53559c16ecd86ccb96fe5baffca3bb4abc50d8bb,,0,544423,384,phase_w16_d0_r0_s1,complete,128,0,16,b272f72c011f896e8d5ea1d6a60993a4a2595723e0bf8ac2956ffc3df51eb880,0,73019.541015625,67675,118687,135672,512,0,0,21544630,73202.859375,67842,118980,135962,183.318359375,169,279,375,0,1,6909b15c2d81680ef6dd3882077b3c7c61c6adc4cb9736b764766fafde8d60e1,experiments/17_system_boundaries/results/20260908-phase-final,phase,12750,0d448e7d2f7036574016f593746b36f1addee4791f12585504f0893f8d540671,1,3d329db994a9faf5badaf1cbaaf2c0b739a63f5f13e7cb927b9247737d6c4aba,65536,1075115.7197265625,995977,1448760,1448860,2048,16,1075355.775390625,996175,1448982,1449038,240.0556640625,223,356,375
,128,,0,67159aa7ea154be8e694a102d1b60bc064485b83230afcc4889390fb0ccb15ec,1455159,3a69d73adb0479653a97f95262efeba1edad39b3ecf97ba21f3a5f12b7ee7438,,0,1381306,384,phase_w16_d0_r0_s2,complete,128,0,16,4f23539ea8b9a383e5df70d5475fb51a3e783619d155e4e99c7d61a271126cc9,0,271116.087890625,67676,1024287,1041272,512,0,76157128,97703304,271299.390625,67842,1024580,1041562,183.302734375,169,279,375,0,2,6909b15c2d81680ef6dd3882077b3c7c61c6adc4cb9736b764766fafde8d60e1,experiments/17_system_boundaries/results/20260908-phase-final,phase,12750,55c6956cec448c46ba5b7db507906a0201e72f0e717b97b7c0c977a3ce7a2990,1,3d329db994a9faf5badaf1cbaaf2c0b739a63f5f13e7cb927b9247737d6c4aba,65536,573857.96875,486700,939336,939460,2048,16,574098.009765625,486864,939574,939638,240.041015625,223,356,375
,128,,0,c3c442b380320e89807e00f87081548eedc7d93e5a5a291e9a1ec60c2fbb1378,2179623,466ad09c09fd4fdb5de5d479eca7b4706ee272c3460bd8ddefce0903967aa454,,0,1902009,384,phase_w16_d0_r1_s1,complete,128,0,16,b3494f415d536d98147d807ec15669a4de21c3b67c09b6800df06a1cd1458ebe,1,288023.33984375,271436,458460,526055,512,0,0,104203384,288900.0625,271602,475362,526430,876.72265625,169,287,386,0,1,6909b15c2d81680ef6dd3882077b3c7c61c6adc4cb9736b764766fafde8d60e1,experiments/17_system_boundaries/results/20260908-phase-final,phase,12750,2175a212d05f68afb7c8fd40fd91d41c731cc0e96de5ded7f8b75c7a8bb5ad18,1,3d329db994a9faf5badaf1cbaaf2c0b739a63f5f13e7cb927b9247737d6c4aba,65536,707570.28515625,679425,1132223,1132308,2048,16,707810.46484375,679613,1132431,1132486,240.1796875,223,356,375
,128,,0,bcd3567eac625f10efcc9f9ef82d5474ecf2d25a10f80dcb22dd0ff6223827b1,1817717,aef83482db794cf91e03a5d18ed92455acae4071c90e07f7cca8d35c8b82c795,,0,951137,384,phase_w16_d0_r2_s1,complete,128,0,16,50b1fbcbffa2ddf0e999c7c029da8ee2ef0c71bf4950e4af651b6239e6ea07b5,2,144558.140625,135596,237478,271354,512,0,0,49047826,145234.34375,135762,237835,271737,676.203125,169,292,16905,0,1,6909b15c2d81680ef6dd3882077b3c7c61c6adc4cb9736b764766fafde8d60e1,experiments/17_system_boundaries/results/20260908-phase-final,phase,12750,27f9d92fae0243f009fee62a0f88bb37250a6a33365c16929dd2c99dd7fecdce,1,3d329db994a9faf5badaf1cbaaf2c0b739a63f5f13e7cb927b9247737d6c4aba,65536,1004721.59765625,905950,1811250,1811510,2048,16,1004961.77734375,906114,1811562,1811688,240.1796875,223,356,375
,128,,0,1cede017f15a5feb165cfa7ea017d251b9833b0703e4c8840521ecfde9eba59f,3628860,436148cf1aabf2e72cd057fb2485a8be01f97c2ca412b2f6fe403b3df818e475,,0,645492,384,phase_w16_d0_r3_s1,complete,128,0,16,66318e161f0ee6f39dfba92a0a88f0157a0d0d1edb69692e0a5359704c771f40,3,96831.3359375,84665,152819,186448,512,0,0,30699129,97212.1328125,84829,169725,186829,380.796875,169,286,380,0,1,6909b15c2d81680ef6dd3882077b3c7c61c6adc4cb9736b764766fafde8d60e1,experiments/17_system_boundaries/results/20260908-phase-final,phase,12750,bfaeaa8bad22494936996405c2c31c5d9dfd607e25a67749b90099ea4e449501,1,3d329db994a9faf5badaf1cbaaf2c0b739a63f5f13e7cb927b9247737d6c4aba,65536,1910293.09765625,1811388,3395993,3396253,2048,16,1910533.27734375,1811589,3396305,3396431,240.1796875,223,356,375
,128,,0,148c0ae5a361e0493e60a755d9d86c7724e869dc3c7d5a8587cbace9878dd17a,1455536,c3841436b53add6a44a2a3f50f757d3741bbae32f7ac6e06f4d1876f2c68c242,,0,1381656,384,phase_w16_d113200_r0_s0,complete,128,0,16,ad65e819f17cd36419db614628fbfd250c7fc561318ce5c07e711517d0618749,0,263901.55859375,67677,894722,928646,512,113200,73477566,94929646,264079.046875,67842,894929,928881,177.48828125,169,236,251,0,0,6909b15c2d81680ef6dd3882077b3c7c61c6adc4cb9736b764766fafde8d60e1,experiments/17_system_boundaries/results/20260908-phase-final,phase,12750,7f329219b4afbaee6b0892cc8736c5a8efb6ce140d66d99c7bf0fc6450715ebb,1,3d329db994a9faf5badaf1cbaaf2c0b739a63f5f13e7cb927b9247737d6c4aba,65536,560403.5,453130,905867,905913,2048,16,560619.63671875,453297,906051,906085,216.13671875,209,290,304
,128,,0,a5c31ba5ffb62bb03235fac2b83fadbaa190b9d1be494ba86a1352d3133262d4,1455543,0b3d56f829470d993ef27ba4a25bd338999b0fca3ee9b28ad56d4bc9d65105d4,,0,702456,384,phase_w16_d113200_r0_s1,complete,128,0,16,75d7cbd10d192ff2c2ac6347cf1b16bd7d354a1f6f57870e3739387f09ce5d66,0,101176.55859375,67676,232450,249446,512,113200,10918302,32369646,101354.046875,67842,232684,249681,177.48828125,169,236,251,0,1,6909b15c2d81680ef6dd3882077b3c7c61c6adc4cb9736b764766fafde8d60e1,experiments/17_system_boundaries/results/20260908-phase-final,phase,12750,505ae163e32d0a860dd7739f59b5232eb20b3236d1dae84a742a1f0027eeb00d,1,3d329db994a9faf5badaf1cbaaf2c0b739a63f5f13e7cb927b9247737d6c4aba,65536,959433.5,996490,1449227,1449273,2048,16,959649.63671875,996657,1449411,1449445,216.13671875,209,290,304
,128,340000,0,b7a6d3b5a93407110d89df038993d49fed4b6f0b6bf3fa5dae29a530dda1666f,1455543,0b3d56f829470d993ef27ba4a25bd338999b0fca3ee9b28ad56d4bc9d65105d4,,0,702456,384,phase_w16_d113200_r0_s1_deadline340000,complete,128,0,16,72a8a9f3422909af11ed79139f4a4e01eb65c5db41270859781298da455e7d29,0,101176.55859375,67676,232450,249446,512,113200,10918302,32369646,101354.046875,67842,232684,249681,177.48828125,169,236,251,0,1,6909b15c2d81680ef6dd3882077b3c7c61c6adc4cb9736b764766fafde8d60e1,experiments/17_system_boundaries/results/20260908-deadline-control,phase,12750,505ae163e32d0a860dd7739f59b5232eb20b3236d1dae84a742a1f0027eeb00d,1,3d329db994a9faf5badaf1cbaaf2c0b739a63f5f13e7cb927b9247737d6c4aba,65536,959433.5,996490,1449227,1449273,2048,16,959649.63671875,996657,1449411,1449445,216.13671875,209,290,304
,128,,0,34b0818470e35c4c9bf013d60dce30e0900f8047f1b7a012ca3dee50769335d3,1455536,3b6fd89276b3d273632e14351aaf9733c04b6fbb3b1d9218788b3c05a11b4e7a,,0,1381656,384,phase_w16_d113200_r0_s2,complete,128,0,16,becdec11f2c6fa383f7abd39828ee57c911f45af20a32c9a07e74ddec6218a19,0,260364.05859375,67676,911650,928646,512,113200,72118302,93569646,260541.546875,67842,911884,928881,177.48828125,169,236,251,0,2,6909b15c2d81680ef6dd3882077b3c7c61c6adc4cb9736b764766fafde8d60e1,experiments/17_system_boundaries/results/20260908-phase-final,phase,12750,81164b4a71356a935c616d67185aa1cd605fa0afbf258e826699c7b39091166a,1,3d329db994a9faf5badaf1cbaaf2c0b739a63f5f13e7cb927b9247737d6c4aba,65536,558281.0,469846,922820,922878,2048,16,558497.13671875,470045,923008,923046,216.13671875,209,290,304
,128,,0,0f70f3afeceffb16bce164257783ea5ec588f22b338c5ba2c6337c187092c0a2,2292698,2ec90bb8c8f25f271e9e70f053c8effb26f338a30b55348d9cc45981c3a2cf88,,0,2015058,384,phase_w16_d113200_r1_s1,complete,128,0,16,efb326a86a29a036348f9c2a52c7c2b293fd89a676f97730fb5070482116712e,1,287661.130859375,271436,475198,526252,512,113200,0,104063982,288636.296875,271602,492342,526504,975.166015625,168,242,11599,0,1,6909b15c2d81680ef6dd3882077b3c7c61c6adc4cb9736b764766fafde8d60e1,experiments/17_system_boundaries/results/20260908-phase-final,phase,12750,3ef7ee88c24835ae054f07046e495d3b79fc4468b007b8b244de1e1425c3bce2,1,3d329db994a9faf5badaf1cbaaf2c0b739a63f5f13e7cb927b9247737d6c4aba,65536,707543.875,679315,1132227,1132287,2048,16,707760.01171875,679518,1132418,1132462,216.13671875,209,290,304
,128,,0,d41bb558fc95df078298ce70168bef59c3119f6a272f91cd339dc26c1cad1214,1817692,8964d0162a645a9376168fb9792b07ab31b0531c9cc869f84f7a98c83f301d9b,,0,1064191,384,phase_w16_d113200_r2_s1,complete,128,0,16,520c7434f9cec25c98a12ae42a2207e36126b65d8adeb7c74b365c726d572b8a,2,143346.232421875,135596,237478,271548,512,113200,0,48581882,144838.546875,135762,237861,271803,1492.314453125,169,248,45546,0,1,6909b15c2d81680ef6dd3882077b3c7c61c6adc4cb9736b764766fafde8d60e1,experiments/17_system_boundaries/results/20260908-phase-final,phase,12750,b83d780c474b6b5fd8cf4ea33edde773b974ad48bb1f07845f7caf648dbe02ff,1,3d329db994a9faf5badaf1cbaaf2c0b739a63f5f13e7cb927b9247737d6c4aba,65536,1004678.25,905810,1811289,1811488,2048,16,1004894.38671875,906021,1811537,1811663,216.13671875,209,290,304
125,,,,4c2f43df7195a6c26ede41332477c9147f435acdc06f2ac24722849c461da41c,,,128,0,,,phase_w16_d113200_r3_s1,infeasible_assembly_deadline,,0,,d29be70c66f5fca9d0929673196f5c13eeeea0a8f7b08d3decceb09cdb408692,3,,,,,,113200,,,,,,,,,,,1,1,6909b15c2d81680ef6dd3882077b3c7c61c6adc4cb9736b764766fafde8d60e1,experiments/17_system_boundaries/results/20260908-phase-final,phase,12750,178f6d78e40ad63980702a2eac52896c7d43c4dfbb7c47ae6a78d133f1bf8187,0,3d329db994a9faf5badaf1cbaaf2c0b739a63f5f13e7cb927b9247737d6c4aba,,,,,,,16,,,,,,,,
,128,340000,0,b9063fc423532405a45ea7a4788d30b294cc163676297b0ff213b349c858ffda,3628736,fe0f71f643e78724824c01d9706d57819db5b9e08ac11771287603a8dc68c6fc,,0,758539,384,phase_w16_d113200_r3_s1_deadline340000,complete,128,0,16,4c0ab67864d498709dbf821d8f05bfa46b1db1bcf985f87bc14d10c5f15360d2,3,95747.927734375,84669,152727,186656,512,113200,0,30282592,97081.2265625,84834,169709,186905,1333.298828125,169,247,28578,0,1,6909b15c2d81680ef6dd3882077b3c7c61c6adc4cb9736b764766fafde8d60e1,experiments/17_system_boundaries/results/20260908-deadline-control,phase,12750,d1ca94a2491682f804f23a91e24afcf0d8917804055448c92bed23e4d19a3333,1,3d329db994a9faf5badaf1cbaaf2c0b739a63f5f13e7cb927b9247737d6c4aba,65536,1910168.96875,1811369,3395933,3396132,2048,16,1910416.38671875,1811533,3396181,3396307,247.41796875,209,291,304
,128,,0,92e3cbdad9b22f08093015acbf604ebeda7335f2c5977204febc710d00a18bd2,775842,ec4b4bd3223af587f85927c8991f7a5e6f60d07f9e544d1ab4bf7beb8ddc2601,,0,702102,384,phase_w4_d0_r0_s0,complete,128,0,4,56cc6d713418327e97f1be50dfcd04b1f59f99cf321b51baf27399c729896ad2,0,100265.21875,67675,311052,345014,512,0,10877034,32019248,100444.8125,67841,311221,345181,179.59375,169,242,264,0,0,6909b15c2d81680ef6dd3882077b3c7c61c6adc4cb9736b764766fafde8d60e1,experiments/17_system_boundaries/results/20260908-phase-final,phase,12750,6e698320daed272bf02ee92095727d4a27def57af4c6b9807e978bfade6d6939,1,3d329db994a9faf5badaf1cbaaf2c0b739a63f5f13e7cb927b9247737d6c4aba,16384,362063.96484375,362066,362130,362139,512,4,362257.5,362252,362305,362310,193.53515625,188,231,235
,128,,0,411be9171e52ebd7825a7fc0cd67db6dadaa55822c6c94b933bb2ae6b2096bbd,775925,eace1f554497f4b06f369f4823b79a722eed52f846e7a2360081765ff9afc00d,,0,475702,384,phase_w4_d0_r0_s1,complete,128,0,4,e6dd17111f112e7cff3a6db555ee67aabec40b0eebf0360de3f48c44e0d6ee55,0,71965.21875,67675,118736,135739,512,0,0,21139248,72144.8125,67841,118999,135988,179.59375,169,242,264,0,1,6909b15c2d81680ef6dd3882077b3c7c61c6adc4cb9736b764766fafde8d60e1,experiments/17_system_boundaries/results/20260908-phase-final,phase,12750,f713e7d633b02cc74686f1d56fde4fc7590704497abbdd5e08160e9346994bcf,1,3d329db994a9faf5badaf1cbaaf2c0b739a63f5f13e7cb927b9247737d6c4aba,16384,769583.96484375,769586,769650,769659,512,4,769777.5,769772,769825,769830,193.53515625,188,231,235
,128,,0,4452299aa58fac05761ecde11294ad6ae3d977c36553d4a10ccee06a9b8ec0f0,775842,0b48f90595318b53af8f87d2332211e27a23417148d3e9f8eb450cc02c7e782a,,0,702102,384,phase_w4_d0_r0_s2,complete,128,0,4,cf936069b8bdd01652fbf18d9f0c6c4c7e1dbeab2c74cca2ce779304f48cd949,0,121490.21875,67675,345136,362139,512,0,19040000,40179248,121669.8125,67841,345399,362388,179.59375,169,242,264,0,2,6909b15c2d81680ef6dd3882077b3c7c61c6adc4cb9736b764766fafde8d60e1,experiments/17_system_boundaries/results/20260908-phase-final,phase,12750,2bd1d114731cc0bdb5592bd8a753425ab5c284e65d81776095d0ffc3548854da,1,3d329db994a9faf5badaf1cbaaf2c0b739a63f5f13e7cb927b9247737d6c4aba,16384,243203.96484375,243206,243270,243279,512,4,243397.5,243392,243445,243450,193.53515625,188,231,235
,128,,0,44c2036a8cd1c4eadd087c792ca2389ca8e9731b60bfa09801cb951e469e3d09,2179510,f7dc444794a4c7c8b09e2c255b9f935f536e20857b30559dbd371210815888e5,,0,1902009,384,phase_w4_d0_r1_s1,complete,128,0,4,fd8e3043b6e1504cf0d989f8d9218da94da884e3dc94025d0359a494ee746d38,1,282092.4140625,271436,475196,526247,512,0,0,101923071,282271.375,271602,475362,526515,178.9609375,168,242,264,0,1,6909b15c2d81680ef6dd3882077b3c7c61c6adc4cb9736b764766fafde8d60e1,experiments/17_system_boundaries/results/20260908-phase-final,phase,12750,6a6a36084ecf75191b0d54cc0c5b61595516abbe768eead959125f65d78ff687,1,3d329db994a9faf5badaf1cbaaf2c0b739a63f5f13e7cb927b9247737d6c4aba,16384,283074.33984375,226496,452912,452936,512,4,283267.875,226674,453089,453114,193.53515625,188,231,235
,128,,0,f9160fc76758f66f7ed23f80b83b8de7c6e3cfe261721617c491e717fe78ebc1,1092794,947c28b260f93e4506a188e5dab11014e9dee93fb6ac8f2bf9db908b0bffe7be,,0,951134,384,phase_w4_d0_r2_s1,complete,128,0,4,e9f106503d4db8e1f73ed3ae01cb7bed8572fdcd767b298fde55bf886fb5677d,2,142006.7890625,135595,237476,271550,512,0,0,48066886,142186.5,135762,237642,271816,179.7109375,170,242,264,0,1,6909b15c2d81680ef6dd3882077b3c7c61c6adc4cb9736b764766fafde8d60e1,experiments/17_system_boundaries/results/20260908-phase-final,phase,12750,ce89b466eb76ecf7cada7073d3e70ec31115a514e382d649ee868ed76132e25d,1,3d329db994a9faf5badaf1cbaaf2c0b739a63f5f13e7cb927b9247737d6c4aba,16384,339674.21484375,226551,452928,452944,512,4,339867.75,226715,453112,453115,193.53515625,188,231,235
,128,,0,fcf813dd382cb695b108fb46e7520fcf45f7b6bdea49bf867bf5349deb086af6,911850,b77479fec78fa5e5fd14b3c4959e0b562cbde753a02f0d54e19590bb60d12e49,,0,645490,384,phase_w4_d0_r3_s1,complete,128,0,4,5250c78e5f4bcb9676c74802659e9d270783c97b08822bafbcfcc6aae3cb83d0,3,95577.400390625,84660,152736,186659,512,0,0,30216999,95757.078125,84826,152968,186919,179.677734375,169,242,264,0,1,6909b15c2d81680ef6dd3882077b3c7c61c6adc4cb9736b764766fafde8d60e1,experiments/17_system_boundaries/results/20260908-phase-final,phase,12750,c2f5a02d48a762605fe309322c8b1e330bdb8d60333f6a1378c1324008303aa8,1,3d329db994a9faf5badaf1cbaaf2c0b739a63f5f13e7cb927b9247737d6c4aba,16384,566073.96484375,452951,905712,905742,512,4,566267.5,453115,905889,905914,193.53515625,188,231,235
,128,,0,27c780193c5abe3cdf90582f197f003b51f76cae54fa3f6c65bfddbfed7f716d,776097,94554485ca8196a2a6d843bf5c1afd4194ad29b349fca51e3b6d90387e5d5fa7,,0,702256,384,phase_w4_d113200_r0_s0,complete,128,0,4,aed290c9cfb9415f42fd46bfcf38ff63d297d9f5c59e578981a44b3ece580eff,0,100985.94921875,67667,232208,249196,512,113200,10899051,32296175,101166.40625,67837,232456,249438,180.45703125,172,238,253,0,0,6909b15c2d81680ef6dd3882077b3c7c61c6adc4cb9736b764766fafde8d60e1,experiments/17_system_boundaries/results/20260908-phase-final,phase,12750,2308a069500b0af2ff609428372143587694ed543026f7ca84255f1ee0f738ac,1,3d329db994a9faf5badaf1cbaaf2c0b739a63f5f13e7cb927b9247737d6c4aba,16384,226476.3828125,226478,226542,226549,512,4,226669.625,226665,226715,226716,193.2421875,188,231,235
,128,,0,33713d128723fa97be5fd15b745f31633769602dde5b7b52cd67a21559e7c212,776097,94554485ca8196a2a6d843bf5c1afd4194ad29b349fca51e3b6d90387e5d5fa7,,0,702256,384,phase_w4_d113200_r0_s1,complete,128,0,4,aa22d5401c23c476a166585def7763180b9826e44cfb591410ee0672e0806a0e,0,100985.94921875,67667,232208,249196,512,113200,10899051,32296175,101166.40625,67837,232456,249438,180.45703125,172,238,253,0,1,6909b15c2d81680ef6dd3882077b3c7c61c6adc4cb9736b764766fafde8d60e1,experiments/17_system_boundaries/results/20260908-phase-final,phase,12750,2308a069500b0af2ff609428372143587694ed543026f7ca84255f1ee0f738ac,1,3d329db994a9faf5badaf1cbaaf2c0b739a63f5f13e7cb927b9247737d6c4aba,16384,226476.3828125,226478,226542,226549,512,4,226669.625,226665,226715,226716,193.2421875,188,231,235
,128,,0,045a77f76b07d6c76b0e1ef58fa69aa11dd7ab1bf011a6a0557d258c3cb8bcb1,776097,94554485ca8196a2a6d843bf5c1afd4194ad29b349fca51e3b6d90387e5d5fa7,,0,702256,384,phase_w4_d113200_r0_s2,complete,128,0,4,30da09af88e35ee7569064fb9b3397c881c279976700b878ff9f50a16fe6c82e,0,100985.94921875,67667,232208,249196,512,113200,10899051,32296175,101166.40625,67837,232456,249438,180.45703125,172,238,253,0,2,6909b15c2d81680ef6dd3882077b3c7c61c6adc4cb9736b764766fafde8d60e1,experiments/17_system_boundaries/results/20260908-phase-final,phase,12750,2308a069500b0af2ff609428372143587694ed543026f7ca84255f1ee0f738ac,1,3d329db994a9faf5badaf1cbaaf2c0b739a63f5f13e7cb927b9247737d6c4aba,16384,226476.3828125,226478,226542,226549,512,4,226669.625,226665,226715,226716,193.2421875,188,231,235
,128,,0,0c8f2ba52c8da2bde30f1ee17c1b4e4c1a561c0c821de98f074a8ace62dec831,2292703,c08e4348ef24142c0319463839f95a0c0ad7eeb307c4a9e74f9a0acb3e5949ec,,0,2015096,384,phase_w4_d113200_r1_s1,complete,128,0,4,18dabaf9767eea440b7422e066e04c62ddae49afbdb217637f1ebc70353d2f60,1,287133.17578125,271436,475329,526256,512,113200,0,103861186,287311.40625,271602,475574,526511,178.23046875,169,238,253,0,1,6909b15c2d81680ef6dd3882077b3c7c61c6adc4cb9736b764766fafde8d60e1,experiments/17_system_boundaries/results/20260908-phase-final,phase,12750,90377dc5ee4e7e623ceda9c9d3be04b12d5c3b91b5bce9485a2ff6fe8c749ef7,1,3d329db994a9faf5badaf1cbaaf2c0b739a63f5f13e7cb927b9247737d6c4aba,16384,283074.6328125,226496,452912,452942,512,4,283267.875,226674,453089,453114,193.2421875,188,231,235
,128,,0,36fad2705d8eab9b265237ab565a71c4d640822b0c563b3da5bc1e3076ffddcc,1205995,f7672513893303914b2dc92fc1a3c37adba10ae687a6a79ef4628d8b173f5bcd,,0,1064228,384,phase_w4_d113200_r2_s1,complete,128,0,4,24e92be182524c928b36d9a49bec73f449c53bbd3967a65ee6eb287575a4f57a,2,144263.89453125,135596,237621,271560,512,113200,0,48934769,144442.125,135762,237866,271812,178.23046875,169,238,253,0,1,6909b15c2d81680ef6dd3882077b3c7c61c6adc4cb9736b764766fafde8d60e1,experiments/17_system_boundaries/results/20260908-phase-final,phase,12750,14ac4de1ed46eaa6136f580ab03b3f44b1d3c7663bd5838486e515b4386676cf,1,3d329db994a9faf5badaf1cbaaf2c0b739a63f5f13e7cb927b9247737d6c4aba,16384,339674.5078125,226551,452932,452946,512,4,339867.75,226715,453112,453115,193.2421875,188,231,235
,128,,0,051fe24107dfad4f9e4c04573e3dfbcade724436c71040af7bed3763cad0a59d,911850,38ecc10a3b8ada87ae5d4bb87680401a203173ed45c2746ae30279f89a1406da,,0,758588,384,phase_w4_d113200_r3_s1,complete,128,0,4,a4d236e0448fa4cbc43d4474e25009b9dc7821a527d38ae56e74b93a21fd4ca0,3,97037.140625,84651,169565,186657,512,113200,0,30778318,97215.2890625,84818,169730,186914,178.1484375,169,238,253,0,1,6909b15c2d81680ef6dd3882077b3c7c61c6adc4cb9736b764766fafde8d60e1,experiments/17_system_boundaries/results/20260908-phase-final,phase,12750,503c11cfeeba77e118d9dba985081b4424d3ec9f9e8d9e6ee8d42f5795afe79d,1,3d329db994a9faf5badaf1cbaaf2c0b739a63f5f13e7cb927b9247737d6c4aba,16384,566074.2578125,452951,905712,905742,512,4,566267.5,453115,905889,905914,193.2421875,188,231,235
,128,,0,600bde5289f658feac92494e1867826c6a1d2b6be63be9290e9502d98a2e5178,776097,a81a3d68cc860e3c319ae634fe86367cfa83eb404ac3787d86b6f257b9363065,,0,702260,384,phase_w4_d169800_r0_s1,complete,128,0,4,4e2ae0f29422d316559781bfb8d651e1c48fc1acc48197178728f15de02161f2,0,86967.767578125,67666,175611,192595,512,169800,5459331,26906863,87148.671875,67834,175858,192839,180.904296875,173,238,253,0,1,6909b15c2d81680ef6dd3882077b3c7c61c6adc4cb9736b764766fafde8d60e1,experiments/17_system_boundaries/results/20260908-phase-crossover,phase,12750,f389c6a751c7377aa42da5495fafd3ba517c37d56f346ee7974a89491cf376b0,1,3d329db994a9faf5badaf1cbaaf2c0b739a63f5f13e7cb927b9247737d6c4aba,16384,226476.3828125,226478,226542,226549,512,4,226669.625,226665,226715,226716,193.2421875,188,231,235
,128,,0,93a0230d74140198d40090034aabacb04dc789b8f14ebafda11480e9fbaf82fe,911850,421e930863533c3007f9af5b6de672e1e2b8412fb48a6f8188680064b5679a75,,0,815175,384,phase_w4_d169800_r3_s1,complete,128,0,4,151bb9552157e3904fc599184bd045cac06b4363dcadc19a34a5b523ebb6ce2d,3,97302.439453125,84665,169555,186654,512,169800,0,30880028,97480.4375,84830,169723,186910,177.998046875,168,238,253,0,1,6909b15c2d81680ef6dd3882077b3c7c61c6adc4cb9736b764766fafde8d60e1,experiments/17_system_boundaries/results/20260908-phase-crossover,phase,12750,f96304ebeab0ea124b3144998eb597a60ccadc4d668e29b936759c354a5e6e45,1,3d329db994a9faf5badaf1cbaaf2c0b739a63f5f13e7cb927b9247737d6c4aba,16384,566074.2578125,452951,905712,905742,512,4,566267.5,453115,905889,905914,193.2421875,188,231,235
,128,,0,da93640ea9f7bada0d5707c7a67e790f97c2947bc89ef49c1a2713b1a9f68081,832450,019207b353a40f4dd300b99e162b0cd2fb31bcb7abc2147a5d3b9eb282d11abc,,0,758603,384,phase_w4_d283000_r0_s1,complete,128,0,4,9fe871391a9042e65d26c999cd1c8e6a18b4ab16251e9a67dffab9d15a0daf33,0,72632.349609375,67675,118770,135748,512,283000,0,21395712,72810.296875,67842,119010,135991,177.947265625,169,236,251,0,1,6909b15c2d81680ef6dd3882077b3c7c61c6adc4cb9736b764766fafde8d60e1,experiments/17_system_boundaries/results/20260908-phase-crossover,phase,12750,9c6def70cb72b22950dea3177901573ca1adf686117ae385c18a53f9830a26cf,1,3d329db994a9faf5badaf1cbaaf2c0b739a63f5f13e7cb927b9247737d6c4aba,16384,226476.3828125,226478,226542,226549,512,4,226669.625,226665,226715,226716,193.2421875,188,231,235
,128,,0,4d2e1a7b11c530a70961f6c61b5f897838853561d4447d523cf6b6bc8853b846,1019206,03ebbaba39480c9c4c9741aa88034ff89cc2d4d23ef8d94ff947843d5aabb462,,0,928379,384,phase_w4_d283000_r3_s1,complete,128,0,4,deacdeac5d0bb88853628c4f4aef2644de1abfcf895d22951cc60ebc67c4449b,3,97036.931640625,84652,169560,186658,512,283000,0,30778125,97215.1328125,84818,169729,186913,178.201171875,169,236,251,0,1,6909b15c2d81680ef6dd3882077b3c7c61c6adc4cb9736b764766fafde8d60e1,experiments/17_system_boundaries/results/20260908-phase-crossover,phase,12750,b9259a968b2e44f792db069ddc6ac49da26895c421171194415a7ab13965b00d,1,3d329db994a9faf5badaf1cbaaf2c0b739a63f5f13e7cb927b9247737d6c4aba,16384,566074.2578125,452951,905712,905742,512,4,566267.5,453115,905889,905914,193.2421875,188,231,235
,128,,0,e4c9de139ab21c6fff0bbca5e2dbd06dcb2bd45bdc1a27263f38b24fb44e8a62,776097,27caf1da54a16c70524ee33beb8318f55ec09bdf6a08de611f683b70fe9acb5e,,0,702260,384,phase_w4_d56600_r0_s1,complete,128,0,4,6eab78be108c16daac2462f023cb5bc5e32ee02499c7dc226d97069feac4561e,0,115267.630859375,67666,288810,305802,512,56600,16339192,37786806,115448.828125,67835,289058,306040,181.197265625,173,237,253,0,1,6909b15c2d81680ef6dd3882077b3c7c61c6adc4cb9736b764766fafde8d60e1,experiments/17_system_boundaries/results/20260908-phase-crossover,phase,12750,d878c63ef4cc771ab45da66027e3e0c32caab89b7f66593cd5ef062541419207,1,3d329db994a9faf5badaf1cbaaf2c0b739a63f5f13e7cb927b9247737d6c4aba,16384,226476.3828125,226478,226542,226549,512,4,226669.625,226665,226715,226716,193.2421875,188,231,235
,128,,0,80b7f7d6b3052432816e0b8fa25538a364ff715c015fcd1d84e2ea75cc7fb509,911850,6be6cb8709d79cb5d5b85b9ccc0c040cd8706dc2e91848a055b674f89b4a5e2d,,0,701979,384,phase_w4_d56600_r3_s1,complete,128,0,4,6cac7ffdb8a8eced42ae85b26b3aaf23f8d1f45681b33a5441319d4bf8fd389c,3,96904.23828125,84667,169546,186654,512,56600,0,30727086,97082.59375,84833,169710,186911,178.35546875,169,237,253,0,1,6909b15c2d81680ef6dd3882077b3c7c61c6adc4cb9736b764766fafde8d60e1,experiments/17_system_boundaries/results/20260908-phase-crossover,phase,12750,39347476bb1eaa2292805972e2b8bca348b7e3c651baab73faaddf2f48d3f3f4,1,3d329db994a9faf5badaf1cbaaf2c0b739a63f5f13e7cb927b9247737d6c4aba,16384,566074.2578125,452951,905712,905742,512,4,566267.5,453115,905889,905914,193.2421875,188,231,235
